parameter,value,ccrms_mean_revenue,centralised_mean_revenue,saving_pct_vs_centralised,ccrms_win_rate
audienceMu,500,11020.141130501408,12347.847039913713,-10.75252961200905,0.129575
audienceMu,1000,21748.694954256083,20782.175427196886,4.650713927639877,0.205555
audienceMu,2000,43205.80260176532,37650.83220176384,14.753911335168945,0.302975
audienceMu,5000,107577.12554429319,88256.80252546657,21.891029887754794,0.45236
audienceSigma,1,5036.562227684999,7642.054600100147,-34.094134480287586,0.0950125
audienceSigma,1.5,9204.762781420775,10917.033712071312,-15.684397207248926,0.1555975
audienceSigma,2,21748.694954256083,20782.175427196886,4.650713927639877,0.205555
audienceSigma,3,250822.63840203724,201669.0835266584,24.373371473610778,0.2742625
priceLow,0.5,21539.113263419695,20581.152472719514,4.654553684347686,0.205515
priceLow,1,21748.694954256083,20782.175427196886,4.650713927639877,0.205555
priceLow,2,22167.8583359286,21184.22133615127,4.64325303332596,0.20559
priceLow,5,23425.34848094467,22390.35906301344,4.622477982681966,0.2056325
priceHigh,20,8948.815190556641,8554.097716251177,4.614367141908781,0.20535
priceHigh,50,21748.694954256083,20782.175427196886,4.650713927639877,0.205555
priceHigh,100,43081.82789375558,41162.30494543903,4.663302871063456,0.205645
priceHigh,200,85748.0937727549,81922.56398192456,4.6696900156523595,0.2056975
subAlpha,1,16050.241933690822,14683.24450813936,9.30991392804019,0.24014
subAlpha,2,21748.694954256083,20782.175427196886,4.650713927639877,0.205555
subAlpha,3,25219.350982376647,24644.888397978695,2.3309603805918138,0.18983
subAlpha,5,30926.90714998032,30780.91047983479,0.4743091346864997,0.175135
ppvAlpha,0.5,19071.578302588652,18615.228013327676,2.4514891191998793,0.19248
ppvAlpha,1,21748.694954256083,20782.175427196886,4.650713927639877,0.205555
ppvAlpha,2,25512.897018374642,23710.266589921306,7.602742135424126,0.224455
ppvAlpha,3,28899.147707211752,26266.20087651531,10.024087012334421,0.243835
resaleLambda,5,25438.125073691797,23677.628628259947,7.435273494114382,0.22058
resaleLambda,10,21748.694954256083,20782.175427196886,4.650713927639877,0.205555
resaleLambda,20,19878.34425774454,19314.294266852645,2.9203758786046925,0.19498
resaleLambda,50,18756.067502078473,18433.510984945762,1.7498376592290827,0.1868075
subMonths,1,34163.73666503289,27356.66631185118,24.88267494140111,0.317835
subMonths,6,27434.243376021408,24028.575701793543,14.173406349564278,0.266525
subMonths,12,21748.694954256083,20782.175427196886,4.650713927639877,0.205555
subMonths,24,15185.281676980867,16108.084345277244,-5.728816962439953,0.14827
